Tenure,WarehouseToHome,NumberOfDeviceRegistered,PreferedOrderCat,SatisfactionScore,MaritalStatus,NumberOfAddress,Complain,DaySinceLastOrder,CashbackAmount,cashback_per_tenure,Actual_Churn,Predicted_Churn,Churn_Probability
14.0,8.0,3,Grocery,5,Married,8,0,8.0,265.95,18.99642857142857,0,0,0.007446786747458763
19.0,14.0,4,Laptop & Accessory,5,Married,9,1,7.0,146.15,7.692105263157895,0,0,0.0463509517215481
4.0,30.0,4,Laptop & Accessory,5,Single,2,0,8.0,168.12,42.03,0,0,0.20148055649827976
2.0,26.0,3,Mobile Phone,1,Married,2,0,10.0,138.12,69.06,0,0,0.004501314325241251
7.0,8.0,4,Mobile Phone,5,Single,2,0,3.0,143.81,20.544285714285714,0,0,0.0026635732392151883
27.0,20.0,2,Laptop & Accessory,5,Married,3,0,4.0,169.5,6.277777777777778,0,0,0.0004971778210549623
8.0,8.0,4,Mobile Phone,5,Married,7,0,4.0,154.96,19.37,0,0,0.04327254595361548
13.0,7.0,4,Others,3,Married,3,1,7.0,316.97,24.382307692307695,0,0,0.05682823370814794
28.0,18.0,4,Grocery,1,Married,5,0,13.0,285.32,10.19,0,0,0.0
15.0,14.0,3,Mobile Phone,3,Single,5,0,0.0,139.68,9.312000000000001,0,0,0.10528129023201804
30.0,16.0,3,Grocery,3,Single,1,0,8.0,238.72000000000003,7.9573333333333345,0,0,0.00035798330863435687
4.0,6.0,3,Laptop & Accessory,1,Single,9,1,5.0,159.93,39.9825,1,1,0.5540620786143415
0.0,13.0,3,Mobile,4,Single,2,0,0.0,126.79,,1,1,0.6871525211108596
4.0,14.0,3,Laptop & Accessory,1,Single,2,0,8.0,144.24,36.06,0,0,0.00035798330863435687
10.0,25.0,4,Laptop & Accessory,1,Single,4,0,10.0,202.79,20.279,0,0,0.03109120806347859
3.0,6.0,3,Laptop & Accessory,1,Single,2,0,7.0,140.11,46.70333333333334,0,0,0.08064995411155407
,34.0,3,Mobile,1,Married,5,0,3.0,121.32,,0,0,0.020504797026971146
29.0,15.0,5,Grocery,4,Married,3,1,1.0,260.77,8.992068965517241,0,0,0.0072992700729927005
19.0,36.0,4,Mobile Phone,1,Single,7,0,4.0,159.52,8.39578947368421,0,0,0.12912026564330023
6.0,22.0,3,Laptop & Accessory,1,Married,2,1,2.0,153.68,25.613333333333333,0,0,0.008385901282779431
26.0,11.0,4,Grocery,1,Married,4,0,5.0,290.55,11.175,0,0,0.00038249002715440023
26.0,19.0,2,Laptop & Accessory,5,Married,2,0,3.0,144.5,5.5576923076923075,0,0,0.03668675279978291
10.0,15.0,5,Fashion,5,Single,3,0,10.0,200.87,20.087,0,0,0.08904113680094057
1.0,10.0,4,Mobile Phone,3,Single,3,0,8.0,165.84,165.84,1,1,0.756908414786585
26.0,10.0,5,Fashion,3,Divorced,4,1,5.0,204.69,7.872692307692308,0,0,0.0072992700729927005
1.0,33.0,5,Laptop & Accessory,5,Married,1,0,0.0,0.0,0.0,0,0,0.11678832116788321
13.0,6.0,5,Others,2,Divorced,3,0,4.0,317.72,24.44,0,0,0.09498182975323415
10.0,17.0,4,Fashion,3,Married,5,0,8.0,195.94,19.594,0,0,0.2282817963824433
10.0,30.0,2,Laptop & Accessory,1,Married,6,0,4.0,150.71,15.071000000000002,0,0,0.021310967563404157
19.0,31.0,4,Mobile Phone,4,Single,3,0,5.0,146.77,7.724736842105264,0,0,0.04136331539953874
10.0,19.0,5,Fashion,1,Single,2,0,,213.58,21.358,0,0,0.17571430335169136
1.0,20.0,4,Laptop & Accessory,3,Single,5,1,,223.54,223.54,1,1,0.9755438546492219
8.0,12.0,3,Mobile,3,Married,1,1,2.0,135.06,16.8825,0,0,0.10560364289127352
5.0,16.0,3,Mobile,3,Married,7,0,3.0,134.33,26.866000000000003,0,0,0.05838876273532721
1.0,6.0,5,Laptop & Accessory,2,Divorced,1,0,5.0,166.74,166.74,0,0,0.02693709087812084
1.0,10.0,4,Mobile Phone,5,Married,7,0,3.0,165.31,165.31,1,1,0.6310350076339495
28.0,24.0,4,Fashion,3,Divorced,10,0,9.0,232.39,8.299642857142857,0,0,0.014598540145985401
25.0,14.0,3,Mobile,5,Married,10,0,4.0,129.5,5.18,0,0,0.05992615863215381
20.0,14.0,4,Mobile Phone,3,Married,10,0,9.0,148.39,7.419499999999999,1,1,0.6313464391302683
2.0,10.0,4,Fashion,4,Married,2,0,8.0,201.55,100.775,0,0,0.11735840716465709
16.0,20.0,3,Grocery,5,Married,7,0,0.0,271.59,16.974375,0,0,0.021897810218978103
3.0,10.0,4,Laptop & Accessory,3,Married,6,1,1.0,177.38,59.126666666666665,1,0,0.496964773137999
1.0,10.0,4,Mobile Phone,1,Married,3,0,1.0,145.61,145.61,0,0,0.4250611381014749
7.0,32.0,5,Laptop & Accessory,4,Single,3,0,3.0,168.2,24.02857142857143,0,0,0.029639922734219653
6.0,,4,Mobile,3,Married,10,1,0.0,124.37,20.728333333333335,1,1,0.8295397934644068
1.0,16.0,3,Laptop & Accessory,3,Single,4,0,7.0,136.6,136.6,0,0,0.1716282689733415
27.0,17.0,3,Grocery,1,Married,4,0,12.0,260.32,9.641481481481481,0,0,0.0
7.0,14.0,4,Laptop & Accessory,5,Divorced,2,0,4.0,168.73,24.104285714285712,0,0,0.0010992702487913546
0.0,21.0,5,Laptop & Accessory,1,Married,7,1,2.0,154.4,,1,1,0.7770061260142949
1.0,15.0,4,Fashion,3,Single,3,0,,212.26,212.26,0,1,0.6270767910415411
5.0,16.0,3,Fashion,1,Single,3,0,,212.44,42.488,0,0,0.012647017086063105
6.0,14.0,3,Laptop & Accessory,3,Single,3,1,0.0,163.88,27.313333333333333,0,0,0.14876149376934927
,15.0,3,Mobile,2,Single,2,0,1.0,122.88,,0,0,0.25997356960172346
,9.0,4,Mobile,1,Married,4,0,0.0,121.77,,0,0,0.11044493897280228
8.0,17.0,5,Laptop & Accessory,3,Married,3,0,8.0,175.63,21.95375,0,0,0.010990286854139343
,32.0,4,Mobile,3,Married,2,0,0.0,120.29,,0,0,0.37359343401005235
14.0,15.0,4,Laptop & Accessory,3,Divorced,5,1,4.0,192.96,13.782857142857143,1,0,0.11835084799981259
0.0,6.0,4,Fashion,3,Married,6,0,46.0,206.08999999999995,,1,1,0.6746306648185569
0.0,12.0,5,Laptop & Accessory,3,Divorced,5,1,7.0,161.72,,1,1,0.8268941552984197
4.0,8.0,5,Mobile,1,Married,5,1,0.0,127.78,31.945,1,1,0.5807933603847906
0.0,30.0,4,Laptop & Accessory,4,Single,1,1,10.0,145.99,,1,1,0.649417689938418
13.0,20.0,3,Laptop & Accessory,5,Married,2,0,2.0,146.39,11.26076923076923,0,0,0.00019040243481940967
1.0,16.0,3,Mobile Phone,4,Married,2,0,0.0,110.52,110.52,0,0,0.34109158637543935
11.0,13.0,4,Laptop & Accessory,1,Single,1,0,5.0,140.28,12.752727272727272,0,0,0.007657253381627057
19.0,8.0,3,Fashion,1,Married,5,1,3.0,203.68,10.72,0,0,0.012622712740525772
10.0,15.0,4,Fashion,3,Married,3,0,,225.96,22.596,0,0,0.08885124093562755
1.0,19.0,4,Mobile Phone,1,Single,3,0,5.0,151.47,151.47,0,0,0.16788226668484998
25.0,9.0,6,Laptop & Accessory,4,Married,7,0,3.0,179.82,7.1928,0,0,0.009880097234293419
0.0,20.0,4,Mobile Phone,4,Married,2,1,2.0,137.43,,1,1,0.5498859798274965
0.0,21.0,3,Mobile,1,Single,2,0,0.0,128.71,,0,1,0.7229984975324869
19.0,11.0,6,Fashion,3,Married,6,0,,222.56,11.713684210526315,0,0,0.02719441334356332
21.0,13.0,3,Laptop & Accessory,5,Married,5,0,2.0,154.86,7.3742857142857146,0,0,0.00019040243481940967
0.0,24.0,1,Laptop & Accessory,3,Married,3,0,2.0,162.32,,0,0,0.18016846165416278
30.0,15.0,4,Others,4,Single,8,0,8.0,322.17,10.739,0,0,0.005431837678202941
24.0,24.0,5,Fashion,5,Married,7,0,12.0,257.69,10.737083333333333,0,0,0.011188740927079865
10.0,15.0,2,Fashion,5,Married,11,0,6.0,242.13,24.213,0,0,0.09778604247859556
1.0,7.0,6,Mobile Phone,5,Single,2,0,1.0,148.25,148.25,1,1,0.8505991302443884
9.0,13.0,3,Mobile Phone,2,Single,3,0,1.0,146.78,16.308888888888887,0,0,0.027931618728677297
27.0,9.0,2,Grocery,4,Single,6,0,9.0,290.98,10.777037037037038,0,0,0.01478642955771466
17.0,9.0,4,Mobile Phone,1,Single,2,0,9.0,160.39,9.43470588235294,0,0,0.03840511489338875
1.0,7.0,4,Mobile Phone,4,Single,3,1,5.0,157.02,157.02,1,1,0.936851842913312
9.0,15.0,4,Mobile Phone,2,Divorced,3,0,3.0,150.72,16.746666666666666,0,0,0.02331551804226811
11.0,7.0,3,Laptop & Accessory,1,Married,8,0,9.0,147.35,13.395454545454545,0,0,0.0021682871160392365
0.0,,3,Mobile,4,Single,2,1,0.0,124.72,,1,1,0.8877222937384913
18.0,31.0,4,Laptop & Accessory,1,Married,1,0,8.0,159.06,8.836666666666666,0,0,0.0
14.0,15.0,4,Laptop & Accessory,5,Married,4,1,1.0,190.16,13.582857142857142,0,0,0.05146988071305858
8.0,,4,Mobile,5,Single,2,0,2.0,124.5,15.5625,0,0,0.031152942624105777
13.0,,3,Mobile,4,Married,4,0,3.0,123.87,9.528461538461539,0,0,0.02545198979359674
0.0,,3,Mobile,3,Married,2,0,2.0,126.1,,1,0,0.3874915165249383
,14.0,3,Mobile Phone,3,Single,2,0,0.0,119.04,,1,1,0.6008305451216046
11.0,23.0,4,Fashion,3,Married,1,0,9.0,188.23,17.11181818181818,0,0,0.07270661140055187
25.0,8.0,4,Mobile,1,Single,8,0,2.0,132.12,5.284800000000001,0,0,0.0397583638249823
12.0,17.0,4,Laptop & Accessory,1,Single,3,1,4.0,181.66,15.138333333333334,0,0,0.022097808035172594
18.0,9.0,4,Fashion,3,Single,7,1,,227.09,12.616111111111111,0,0,0.2170457718664979
4.0,14.0,3,Fashion,1,Married,2,0,9.0,207.93,51.9825,0,0,0.06468273220212079
5.0,10.0,4,Mobile Phone,5,Married,3,1,4.0,155.65,31.130000000000003,0,0,0.13706679171332853
1.0,9.0,4,Mobile Phone,5,Married,8,1,3.0,145.42,145.42,1,1,0.8021293647511486
1.0,10.0,4,Mobile Phone,1,Married,3,0,1.0,142.06,142.06,0,0,0.4260700265099094
1.0,11.0,4,Mobile Phone,3,Single,3,0,1.0,148.18,148.18,0,1,0.6126362926001901
6.0,21.0,3,Laptop & Accessory,1,Married,1,1,1.0,12.0,2.0,0,0,0.05072893198001238
6.0,31.0,4,Laptop & Accessory,2,Divorced,3,0,8.0,178.09,29.68166666666667,0,0,0.009915804746124232
9.0,25.0,4,Laptop & Accessory,5,Married,2,0,5.0,25.0,2.7777777777777777,0,0,0.06444523694838637
4.0,7.0,5,Fashion,3,Single,3,0,,209.74,52.435,0,0,0.06618373879586296
1.0,23.0,4,Mobile Phone,4,Married,4,1,3.0,148.73,148.73,1,1,0.9381494490775615
13.0,9.0,4,Fashion,3,Single,2,0,9.0,234.38,18.029230769230768,0,0,0.033193316559505165
8.0,20.0,4,Fashion,3,Married,3,0,,211.28,26.41,0,0,0.051658477825853526
9.0,14.0,1,Fashion,5,Married,10,0,,217.13,24.125555555555554,0,0,0.12260913145011922
2.0,8.0,4,Mobile Phone,5,Single,3,1,0.0,136.46,68.23,1,1,0.5537924939191023
8.0,15.0,4,Laptop & Accessory,4,Single,10,0,0.0,165.4,20.675,0,0,0.015353876279236758
1.0,11.0,4,Mobile Phone,2,Single,3,1,3.0,153.75,153.75,0,1,0.6010888613227503
5.0,11.0,3,Mobile,4,Single,3,0,7.0,127.18,25.436,0,0,0.0
0.0,11.0,1,Laptop & Accessory,5,Married,2,0,5.0,140.0,,0,0,0.07827986352884937
16.0,36.0,4,Laptop & Accessory,3,Married,4,0,3.0,170.56,10.66,0,0,0.01025597562632979
5.0,9.0,4,Mobile Phone,3,Married,2,0,3.0,155.67,31.133999999999997,0,0,0.0004271188601663853
10.0,19.0,4,Laptop & Accessory,3,Married,11,1,2.0,171.63,17.163,0,0,0.028262458185572156
14.0,12.0,3,Fashion,1,Single,4,1,0.0,235.91000000000005,16.85071428571429,0,0,0.04456075526651201
10.0,10.0,4,Laptop & Accessory,4,Single,5,1,,217.78,21.778,0,0,0.11402703192357082
1.0,9.0,2,Laptop & Accessory,3,Single,2,0,8.0,190.0,190.0,0,0,0.10248874713811841
2.0,7.0,4,Mobile Phone,5,Married,3,0,3.0,160.91,80.455,0,0,0.028862411671901424
4.0,12.0,4,Mobile,3,Married,2,1,2.0,127.03,31.7575,0,0,0.47743500402602046
8.0,34.0,1,Laptop & Accessory,3,Married,2,0,8.0,134.07,16.75875,0,0,0.0293544573079761
19.0,9.0,6,Laptop & Accessory,3,Single,2,0,2.0,191.32,10.069473684210527,0,0,0.061907744649428845
13.0,10.0,5,Laptop & Accessory,3,Married,2,0,8.0,155.69,11.976153846153846,0,0,0.00038249002715440023
0.0,,4,Mobile,5,Single,8,0,0.0,125.61,,1,1,0.9442887125700405
7.0,9.0,3,Laptop & Accessory,4,Married,2,0,9.0,154.33,22.04714285714286,0,0,0.0016973384978846604
,6.0,3,Mobile,3,Married,8,0,2.0,122.32,,0,0,0.004508981725940881
21.0,23.0,2,Laptop & Accessory,3,Married,3,1,8.0,175.67,8.365238095238094,0,0,0.01589499917364793
28.0,8.0,3,Grocery,1,Single,3,1,2.0,266.59,9.521071428571428,0,0,0.0
10.0,6.0,3,Fashion,2,Married,3,1,2.0,236.02999999999997,23.602999999999998,0,0,0.02333688876826089
20.0,33.0,5,Laptop & Accessory,4,Single,10,0,3.0,204.91,10.2455,0,0,0.04917270412381161
7.0,8.0,1,Mobile,1,Married,1,1,2.0,129.32,18.474285714285713,0,0,0.06501098372383056
14.0,16.0,4,Fashion,3,Single,11,0,14.0,259.99,18.570714285714285,0,0,0.01586922586888546
0.0,22.0,1,Mobile,5,Single,2,0,14.0,127.43,,1,1,0.7534482246891367
17.0,10.0,3,Laptop & Accessory,4,Single,10,0,3.0,159.33,9.372352941176471,0,0,0.02247070268095191
16.0,18.0,4,Grocery,4,Married,2,0,9.0,243.36,15.21,0,0,0.03756178940180742
4.0,11.0,3,Mobile Phone,1,Married,1,1,3.0,148.21,37.0525,0,0,0.055854113880829816
0.0,26.0,3,Fashion,3,Married,4,0,0.0,198.24,,1,1,0.6362193145665324
0.0,,1,Mobile,3,Single,4,1,3.0,124.32,,1,1,0.6332806115547156
1.0,9.0,5,Mobile Phone,3,Single,8,1,1.0,145.9,145.9,1,1,0.902709410846903
4.0,8.0,3,Mobile,3,Married,2,0,3.0,134.77,33.6925,0,0,0.0
21.0,8.0,3,Laptop & Accessory,2,Divorced,3,0,7.0,140.51,6.69095238095238,0,0,0.021302346835905542
1.0,7.0,4,Mobile Phone,4,Married,3,0,5.0,163.16,163.16,0,0,0.31105511209676545
6.0,,4,Mobile,1,Single,1,0,2.0,123.42,20.57,0,0,0.1158553453415413
22.0,17.0,3,Laptop & Accessory,1,Single,4,0,4.0,145.07,6.594090909090909,0,0,0.03668675279978291
2.0,15.0,4,Mobile Phone,1,Single,1,0,2.0,139.83,69.915,0,0,0.08039925039973442
20.0,9.0,4,Fashion,1,Married,6,1,,228.68,11.434000000000001,0,0,0.009561986311400823
10.0,11.0,3,Laptop & Accessory,2,Married,8,0,4.0,163.47,16.347,0,0,0.00709491744457316
3.0,10.0,4,Mobile Phone,5,Single,3,1,6.0,172.23,57.41,0,0,0.17480547228598997
27.0,11.0,3,Others,5,Divorced,5,0,2.0,294.06,10.891111111111112,0,0,0.00038249002715440023
1.0,28.0,4,Mobile Phone,3,Married,3,0,1.0,148.77,148.77,1,1,0.8662664809673921
1.0,22.0,6,Laptop & Accessory,1,Married,8,1,3.0,179.4,179.4,1,1,0.7728567033723573
7.0,21.0,3,Fashion,2,Divorced,2,0,5.0,179.78,25.68285714285714,1,0,0.28781178072040214
5.0,7.0,6,Laptop & Accessory,5,Married,3,0,8.0,175.03,35.006,0,0,0.015287805559375355
1.0,31.0,4,Mobile Phone,4,Single,10,0,3.0,160.97,160.97,0,0,0.2766683519952079
16.0,21.0,4,Laptop & Accessory,2,Divorced,4,0,2.0,168.04,10.5025,0,0,0.002045821905563562
16.0,35.0,5,Laptop & Accessory,2,Divorced,2,0,5.0,170.23,10.639375,0,0,0.026713567331154535
13.0,11.0,4,Laptop & Accessory,3,Single,2,0,9.0,175.42,13.493846153846153,0,0,0.017613051956245157
19.0,9.0,3,Grocery,3,Married,4,0,9.0,274.65,14.455263157894736,0,0,0.010863959024832896
6.0,6.0,1,Laptop & Accessory,4,Divorced,2,1,2.0,154.88,25.813333333333333,0,0,0.1271525258660087
16.0,20.0,3,Grocery,5,Divorced,7,0,0.0,271.59,16.974375,0,0,0.021897810218978103
15.0,13.0,4,Fashion,3,Single,3,0,,217.41,14.494,0,0,0.007592659208248255
3.0,7.0,5,Grocery,2,Married,5,0,8.0,286.24,95.41333333333334,0,0,0.15342336921490377
7.0,23.0,4,Laptop & Accessory,1,Married,3,1,3.0,178.68,25.525714285714287,0,0,0.005045261300482464
1.0,32.0,2,Mobile Phone,1,Single,3,1,2.0,154.94,154.94,0,0,0.21677151025532443
6.0,9.0,4,Mobile Phone,4,Married,3,0,8.0,148.7,24.78333333333333,0,0,0.012015589053649885
25.0,33.0,4,Grocery,3,Divorced,4,0,18.0,288.07,11.5228,0,0,0.0
0.0,28.0,4,Mobile,4,Married,2,0,0.0,128.63,,1,1,0.5705330207629781
28.0,8.0,4,Mobile,1,Married,9,0,4.0,126.62,4.522142857142858,0,0,0.029197080291970802
1.0,15.0,4,Laptop & Accessory,3,Married,2,1,5.0,174.07,174.07,0,0,0.3495058293047981
16.0,33.0,3,Fashion,5,Divorced,9,0,1.0,208.2,13.0125,0,0,0.06551040608947185
1.0,7.0,5,Laptop & Accessory,1,Married,8,0,3.0,172.75,172.75,0,0,0.4189969549273794
17.0,18.0,4,Fashion,3,Married,3,0,10.0,200.1,11.770588235294117,0,0,0.1009065935579341
3.0,31.0,4,Fashion,4,Single,3,1,0.0,190.94,63.64666666666667,1,1,0.8193150070018372
11.0,26.0,4,Fashion,4,Single,3,1,10.0,201.42,18.31090909090909,0,0,0.09065359427920883
9.0,7.0,4,Fashion,4,Divorced,3,0,7.0,197.95,21.994444444444444,0,0,0.0787700453665316
1.0,16.0,4,Mobile Phone,5,Divorced,3,0,3.0,150.0,150.0,0,0,0.399028546794442
7.0,15.0,3,Laptop & Accessory,3,Divorced,2,0,3.0,157.14,22.448571428571427,0,0,0.0004271188601663853
5.0,12.0,4,Mobile Phone,4,Married,3,0,3.0,152.89,30.577999999999996,0,0,0.0004271188601663853
7.0,14.0,1,Laptop & Accessory,3,Married,3,0,2.0,144.04,20.577142857142857,0,0,0.0072992700729927005
12.0,32.0,5,Fashion,4,Divorced,5,0,2.0,245.61,20.4675,0,0,0.06291165120378209
0.0,5.0,4,Mobile,3,Single,2,0,2.0,130.33,,0,0,0.3896495958055017
2.0,15.0,3,Mobile,3,Married,10,0,2.0,129.74,64.87,0,0,0.019480519308019032
13.0,12.0,3,Grocery,3,Single,8,0,13.0,232.37,17.874615384615385,0,0,0.013167689053021134
2.0,28.0,4,Mobile Phone,2,Divorced,3,0,3.0,152.13,76.065,0,0,0.052843165344683495
0.0,,3,Mobile,3,Divorced,2,0,2.0,126.1,,1,0,0.29557488124261966
1.0,31.0,5,Fashion,5,Single,3,0,,212.22,212.22,1,1,0.8872020731938248
1.0,18.0,3,Laptop & Accessory,3,Divorced,10,0,3.0,172.07,172.07,1,0,0.46184317309982414
11.0,17.0,4,Mobile Phone,5,Married,2,1,4.0,152.82,13.892727272727273,0,0,0.07224488984255521
13.0,15.0,4,Laptop & Accessory,1,Married,10,0,2.0,148.76,11.443076923076923,0,0,0.0035640966013929516
4.0,23.0,2,Laptop & Accessory,3,Married,5,0,8.0,177.94,44.485,0,0,0.03612747503400904
26.0,32.0,5,Grocery,1,Married,5,0,1.0,263.26,10.125384615384615,0,0,0.0
5.0,35.0,3,Mobile Phone,3,Single,10,0,7.0,140.25,28.05,0,0,0.014598540145985401
23.0,23.0,4,Fashion,5,Married,6,0,11.0,232.69,10.11695652173913,0,0,0.011188740927079865
,16.0,3,Mobile,1,Married,1,0,1.0,121.45,,0,0,0.05121787462460699
0.0,22.0,1,Laptop & Accessory,3,Married,4,0,7.0,152.94,,0,0,0.23239587729805417
10.0,16.0,5,Laptop & Accessory,4,Married,4,1,,213.47,21.347,0,0,0.06803292222168415
9.0,16.0,5,Fashion,3,Divorced,3,1,16.0,231.85,25.76111111111111,0,0,0.08326073934513432
4.0,13.0,1,Laptop & Accessory,1,Married,5,0,7.0,169.29,42.3225,0,0,0.04452624302518693
13.0,10.0,4,Fashion,1,Married,8,0,11.0,208.55,16.042307692307695,0,0,0.15461534213144754
5.0,7.0,3,Laptop & Accessory,5,Married,5,0,2.0,140.87,28.174,0,0,0.008108878960313487
9.0,,1,Laptop & Accessory,1,Married,5,0,3.0,125.71,13.967777777777776,0,0,0.015125006197306225
17.0,17.0,4,Mobile Phone,1,Single,2,0,8.0,149.55,8.797058823529412,0,0,0.02559623244446836
15.0,35.0,3,Laptop & Accessory,3,Married,3,0,2.0,145.56,9.704,0,0,0.009917628106314889
9.0,27.0,3,Laptop & Accessory,4,Married,5,0,7.0,189.26,21.028888888888886,1,0,0.017684428461740866
6.0,17.0,4,Laptop & Accessory,1,Single,10,0,1.0,171.48,28.58,0,0,0.000755336133251354
,10.0,3,Mobile,2,Single,19,1,0.0,122.85,,1,1,0.7801781516112646
1.0,9.0,5,Mobile Phone,2,Single,3,0,1.0,150.64,150.64,1,1,0.8220496970078381
16.0,10.0,4,Fashion,1,Single,4,0,17.0,202.31,12.644375,0,0,0.12447582096441452
10.0,10.0,5,Fashion,1,Married,6,0,,221.99,22.199,0,0,0.32849949914288473
6.0,9.0,4,Laptop & Accessory,4,Divorced,2,1,3.0,165.78,27.63,0,0,0.0646256965223961
0.0,8.0,3,Mobile Phone,1,Single,2,1,3.0,137.6,,0,1,0.6572328478473055
1.0,15.0,6,Mobile Phone,5,Married,3,0,2.0,149.51,149.51,0,0,0.42415949367209077
12.0,6.0,1,Fashion,1,Married,1,0,7.0,196.13,16.344166666666666,0,0,0.09774290224847441
0.0,34.0,4,Laptop & Accessory,3,Married,3,0,2.0,186.39,,0,0,0.3617871890505386
8.0,8.0,5,Fashion,3,Married,3,1,7.0,195.83,24.47875,0,0,0.032476028602658434
4.0,26.0,3,Mobile,4,Single,2,1,2.0,131.4,32.85,1,0,0.45743131712331847
1.0,28.0,5,Mobile Phone,4,Single,3,1,1.0,146.21,146.21,1,1,0.8957797962461826
11.0,16.0,3,Mobile,3,Divorced,1,0,2.0,126.84,11.530909090909091,0,0,0.0858913302352401
,28.0,5,Mobile Phone,3,Married,2,0,0.0,115.55,,1,1,0.7117125515808634
5.0,6.0,3,Mobile,5,Single,2,0,0.0,129.56,25.912,0,0,0.06569343065693431
5.0,9.0,4,Mobile Phone,1,Married,2,1,3.0,151.95,30.389999999999997,0,0,0.05778619192417803
26.0,30.0,1,Fashion,1,Married,4,0,2.0,170.05,6.540384615384616,0,0,0.029197080291970802
27.0,14.0,4,Others,3,Married,5,0,8.0,311.06,11.520740740740742,0,0,0.0
,8.0,4,Mobile,3,Single,7,1,0.0,120.9,,1,1,0.8343163529594336
1.0,11.0,5,Mobile Phone,1,Married,2,0,5.0,156.62,156.62,0,0,0.2066050024670546
12.0,10.0,3,Laptop & Accessory,3,Single,1,0,8.0,150.42,12.534999999999998,0,0,0.008039743408781459
11.0,7.0,4,Fashion,2,Married,4,1,3.0,261.03,23.729999999999997,0,0,0.014178739998942704
6.0,10.0,3,Laptop & Accessory,4,Married,6,0,7.0,130.55,21.758333333333336,0,0,0.012504313428237265
12.0,5.0,4,Others,2,Divorced,2,0,3.0,292.72,24.393333333333334,0,0,0.03028648822673384
18.0,8.0,4,Grocery,1,Married,10,0,8.0,267.92,14.884444444444446,0,0,0.041979085633494
1.0,32.0,6,Mobile Phone,3,Single,3,0,2.0,147.93,147.93,1,1,0.6561560227096972
5.0,8.0,3,Laptop & Accessory,3,Single,5,1,7.0,149.98,29.996,0,0,0.045812665740781515
3.0,10.0,5,Fashion,3,Divorced,3,0,8.0,244.35,81.45,0,0,0.07396849936421554
1.0,15.0,4,Mobile Phone,3,Single,3,0,1.0,144.04,144.04,1,1,0.7970981542561076
3.0,9.0,5,Laptop & Accessory,4,Married,4,0,1.0,191.44,63.81333333333333,0,0,0.09532784236008615
12.0,17.0,4,Mobile Phone,3,Married,2,0,3.0,151.84,12.653333333333334,0,0,0.007106853644469495
11.0,10.0,4,Laptop & Accessory,4,Single,5,0,2.0,166.07,15.097272727272726,0,0,0.013803815235017624
5.0,19.0,4,Mobile,4,Divorced,2,0,2.0,127.43,25.486,0,0,0.07950578866278456
8.0,7.0,4,Mobile Phone,2,Divorced,3,0,9.0,151.91,18.98875,0,0,0.03095777359030329
0.0,,4,Mobile,3,Divorced,2,0,2.0,125.39,,0,0,0.3666366012657065
1.0,7.0,5,Laptop & Accessory,5,Married,3,0,,222.14,222.14,1,1,0.6592601090327753
7.0,25.0,4,Mobile,1,Married,2,0,7.0,129.29,18.47,0,0,0.030305231244172826
12.0,7.0,3,Laptop & Accessory,2,Single,2,0,9.0,201.25,16.770833333333332,0,0,0.015417239183258257
6.0,20.0,5,Mobile Phone,4,Married,3,0,3.0,159.0,26.5,0,0,0.010920062445586083
9.0,32.0,4,Fashion,3,Married,3,1,,228.88,25.43111111111111,0,0,0.026253274654825437
0.0,13.0,3,Mobile,3,Married,4,1,7.0,133.39,,1,1,0.7578125479775528
26.0,36.0,4,Mobile Phone,1,Married,4,0,1.0,159.82,6.146923076923077,0,0,0.017352762918653983
23.0,25.0,4,Laptop & Accessory,1,Married,3,1,8.0,193.04,8.39304347826087,0,0,0.0
7.0,30.0,3,Mobile,3,Married,4,1,0.0,131.61,18.801428571428573,1,0,0.25726820800958766
6.0,14.0,1,Mobile,5,Married,7,0,6.0,131.43,21.905,0,0,0.03279033438027712
22.0,9.0,4,Laptop & Accessory,2,Divorced,4,0,8.0,165.51,7.5231818181818175,0,0,0.014981030173139802
10.0,9.0,4,Laptop & Accessory,4,Married,6,1,1.0,194.62,19.462,0,0,0.04087744484173531
1.0,9.0,4,Mobile Phone,4,Married,11,0,3.0,159.68,159.68,0,1,0.5741114195077633
11.0,12.0,4,Laptop & Accessory,2,Married,9,0,5.0,188.47,17.133636363636363,0,0,0.010709778059903788
1.0,13.0,2,Mobile Phone,5,Married,3,1,1.0,141.01,141.01,1,1,0.7345055470457081
9.0,6.0,3,Laptop & Accessory,1,Single,5,0,0.0,166.53,18.503333333333334,0,0,0.014956523454619756
13.0,9.0,4,Fashion,3,Single,2,0,9.0,234.38,18.029230769230768,0,0,0.033193316559505165
1.0,7.0,4,Mobile Phone,3,Single,2,0,6.0,145.58,145.58,1,1,0.7978094284781345
9.0,9.0,3,Laptop & Accessory,4,Single,4,1,1.0,192.78,21.42,0,0,0.07085589345456382
30.0,16.0,4,Mobile Phone,3,Divorced,4,0,4.0,154.42,5.147333333333333,0,0,0.010053492845661283
15.0,18.0,3,Mobile,4,Married,9,0,4.0,127.66,8.510666666666667,0,0,0.018781590067257575
21.0,9.0,4,Laptop & Accessory,4,Married,9,0,1.0,174.78,8.322857142857142,0,0,0.022739590860950815
7.0,8.0,3,Laptop & Accessory,5,Single,1,1,2.0,145.38,20.768571428571427,0,0,0.07831767515068908
10.0,20.0,3,Mobile,5,Married,2,0,17.0,130.34,13.034,0,0,0.010892524161299018
8.0,14.0,4,Fashion,1,Married,5,1,12.0,203.77,25.47125,0,0,0.04977487122038762
10.0,13.0,2,Laptop & Accessory,5,Married,5,1,3.0,180.62,18.062,0,0,0.030435676275132433
5.0,19.0,4,Laptop & Accessory,1,Married,2,1,6.0,183.55,36.71,0,0,0.02143204349790104
26.0,6.0,3,Laptop & Accessory,5,Single,8,0,10.0,183.81,7.069615384615385,0,0,0.013234526648947751
24.0,6.0,4,Others,3,Married,6,1,1.0,318.31,13.262916666666667,0,0,0.034907658235980965
5.0,35.0,4,Mobile,4,Single,2,0,1.0,128.37,25.674,0,0,0.13606372235629888
19.0,9.0,6,Laptop & Accessory,3,Single,2,0,2.0,191.32,10.069473684210527,0,0,0.061907744649428845
0.0,,5,Mobile,5,Married,2,0,1.0,124.51,,0,1,0.5128543963915659
13.0,,3,Mobile,1,Married,9,0,0.0,124.06,9.543076923076923,0,0,0.12675576706362754
4.0,9.0,3,Mobile,5,Married,2,1,3.0,130.65,32.6625,0,0,0.09456275670185857
10.0,9.0,4,Laptop & Accessory,4,Married,6,1,1.0,194.62,19.462,0,0,0.04087744484173531
14.0,29.0,3,Fashion,3,Single,4,1,2.0,170.82,12.20142857142857,0,0,0.22089396968768307
14.0,15.0,4,Laptop & Accessory,1,Married,5,1,3.0,165.69,11.834999999999999,0,0,0.03913406642464822
2.0,25.0,3,Laptop & Accessory,1,Married,5,0,2.0,142.62,71.31,0,0,0.047131177613691254
9.0,17.0,4,Laptop & Accessory,1,Married,5,0,0.0,166.52,18.502222222222223,0,0,0.01657628230978146
2.0,7.0,4,Mobile Phone,1,Married,3,0,3.0,152.06,76.03,0,0,0.0314267475365515
8.0,32.0,3,Laptop & Accessory,5,Married,3,0,0.0,142.86,17.8575,1,0,0.016105333691626884
1.0,14.0,4,Mobile Phone,3,Married,5,1,8.0,158.39,158.39,1,1,0.9421357057681533
21.0,9.0,4,Others,4,Single,9,1,9.0,317.46,15.117142857142856,1,1,0.8328239602964189
10.0,18.0,5,Laptop & Accessory,4,Single,3,0,4.0,189.99,18.999000000000002,0,0,0.025133138343930644
3.0,22.0,6,Mobile Phone,2,Divorced,2,1,4.0,146.68,48.89333333333334,0,0,0.16619326940316156
1.0,21.0,4,Mobile Phone,3,Single,3,0,1.0,140.14,140.14,0,0,0.4838301327127827
1.0,32.0,4,Mobile Phone,3,Married,3,0,8.0,154.42,154.42,0,0,0.2628700517344933
1.0,15.0,4,Laptop & Accessory,4,Married,3,0,8.0,187.14,187.14,0,0,0.20898303272480995
7.0,34.0,4,Laptop & Accessory,3,Married,2,0,7.0,167.12,23.874285714285715,0,0,0.008806063618634183
6.0,6.0,1,Laptop & Accessory,5,Married,3,0,3.0,153.76,25.626666666666665,0,0,0.0008096088873207856
7.0,32.0,5,Laptop & Accessory,4,Single,3,0,3.0,168.2,24.02857142857143,0,0,0.029639922734219653
15.0,15.0,4,Others,1,Single,9,0,1.0,296.13,19.742,0,0,0.018495152443741163
11.0,21.0,4,Mobile Phone,5,Married,3,0,18.0,155.34,14.121818181818183,0,0,0.014417184535874282
,6.0,5,Mobile,4,Single,8,1,7.0,122.16,,1,1,0.6676082214502258
5.0,15.0,4,Grocery,4,Single,5,0,1.0,289.22,57.84400000000001,0,0,0.06868011914749646
28.0,14.0,4,Grocery,4,Married,2,1,0.0,235.77,8.420357142857144,0,0,0.0
12.0,9.0,5,Mobile Phone,4,Single,3,0,4.0,149.4,12.450000000000001,0,0,0.012488335086472676
7.0,6.0,4,Laptop & Accessory,5,Single,1,0,9.0,153.43,21.91857142857143,0,0,0.0020553218065190175
22.0,13.0,3,Fashion,4,Married,4,0,7.0,204.66,9.302727272727273,0,0,0.009319642874171677
,9.0,4,Mobile Phone,3,Married,2,0,0.0,112.81,,0,0,0.08665095701131026
15.0,16.0,3,Grocery,5,Divorced,1,0,9.0,267.99,17.866,0,0,0.0155852195856618
28.0,6.0,1,Grocery,2,Married,3,0,0.0,247.32,8.832857142857142,0,0,0.003999369406737246
7.0,21.0,3,Fashion,1,Married,2,0,5.0,179.78,25.68285714285714,1,0,0.2859198853241257
12.0,7.0,4,Mobile Phone,4,Married,2,1,3.0,154.91,12.909166666666666,0,0,0.10328856616383468
6.0,13.0,4,Laptop & Accessory,3,Single,3,0,8.0,175.1,29.183333333333334,0,0,0.0060940375287243855
4.0,30.0,6,Mobile Phone,3,Married,3,0,10.0,151.13,37.7825,0,0,0.05651969187858871
4.0,29.0,4,Fashion,5,Married,2,0,9.0,209.12,52.28,0,0,0.05366196910531909
20.0,8.0,3,Laptop & Accessory,1,Married,6,0,4.0,150.7,7.534999999999999,0,0,0.015171432607959211
2.0,13.0,3,Laptop & Accessory,2,Married,2,1,0.0,166.23,83.115,0,0,0.06292863280976377
7.0,9.0,3,Mobile Phone,2,Divorced,1,0,2.0,137.37,19.624285714285715,0,0,0.001147109683089549
19.0,9.0,3,Grocery,4,Divorced,9,0,1.0,266.06,14.003157894736843,0,0,0.008999774936767234
2.0,36.0,6,Laptop & Accessory,4,Married,3,0,8.0,190.49,95.245,0,0,0.05353663467917519
16.0,11.0,4,Laptop & Accessory,5,Single,9,0,6.0,176.55,11.034375,0,0,0.015127146478156465
,6.0,4,Mobile,3,Married,2,0,3.0,120.07,,0,0,0.0908473241902397
24.0,6.0,4,Fashion,5,Single,4,0,8.0,174.84,7.285,0,0,0.021897810218978103
1.0,22.0,4,Laptop & Accessory,3,Married,9,0,1.0,173.34,173.34,1,1,0.7972195669875417
9.0,30.0,6,Mobile Phone,3,Married,2,0,4.0,152.05,16.894444444444446,0,0,0.010868034428069002
1.0,9.0,4,Mobile Phone,4,Married,6,0,3.0,146.87,146.87,0,1,0.5305546064657727
23.0,13.0,5,Grocery,3,Married,4,1,13.0,264.66,11.50695652173913,0,0,0.0
11.0,9.0,3,Laptop & Accessory,2,Single,9,1,0.0,168.61,15.32818181818182,0,0,0.08025264577778438
16.0,9.0,5,Mobile Phone,4,Married,6,0,1.0,173.41,10.838125,0,0,0.012408772323945765
2.0,24.0,4,Laptop & Accessory,5,Married,3,0,9.0,170.58,85.29,0,0,0.024303488812821145
6.0,14.0,3,Laptop & Accessory,5,Married,3,0,2.0,163.92,27.319999999999997,0,0,0.0004271188601663853
20.0,8.0,4,Mobile,1,Single,2,1,2.0,132.94,6.647,0,0,0.04738887452626252
8.0,16.0,3,Mobile Phone,1,Married,2,0,2.0,139.17,17.39625,0,0,0.007456647088997997
0.0,30.0,4,Fashion,5,Single,2,0,9.0,187.22,,1,1,0.9091282071809874
11.0,8.0,3,Fashion,4,Single,8,0,0.0,173.51,15.773636363636363,0,0,0.03729127920772802
18.0,36.0,4,Laptop & Accessory,1,Single,3,0,18.0,170.41,9.467222222222222,0,0,0.03462635912582528
12.0,19.0,5,Laptop & Accessory,5,Married,4,0,3.0,187.88,15.656666666666666,0,0,0.0026016003427723877
1.0,17.0,5,Mobile Phone,4,Single,3,1,1.0,143.59,143.59,1,1,0.9536535713895622
17.0,22.0,5,Laptop & Accessory,2,Divorced,5,0,3.0,193.04,11.355294117647059,0,0,0.01020871973060467
1.0,7.0,3,Mobile Phone,5,Married,2,0,2.0,135.91,135.91,0,0,0.10003176390046989
14.0,16.0,3,Laptop & Accessory,2,Single,8,0,10.0,162.3,11.592857142857143,0,0,0.014598540145985401
19.0,6.0,3,Others,2,Married,10,0,2.0,296.27,15.59315789473684,0,0,0.02479991130082192
15.0,16.0,3,Grocery,5,Married,1,0,9.0,267.99,17.866,0,0,0.015426114515844346
2.0,,3,Mobile,3,Single,2,0,0.0,126.42,63.21,0,0,0.23527982300938927
29.0,21.0,3,Others,4,Single,10,0,16.0,312.22,10.766206896551726,0,0,0.0072992700729927005
,13.0,3,Mobile,5,Single,4,0,2.0,120.62,,0,0,0.15795378023341738
9.0,25.0,4,Laptop & Accessory,5,Married,2,0,5.0,180.61,20.067777777777778,0,0,0.0021789449342664523
18.0,27.0,4,Mobile Phone,4,Single,3,0,4.0,159.2,8.844444444444443,0,0,0.0018310469286745477
14.0,21.0,4,Laptop & Accessory,5,Married,3,0,3.0,171.39,12.242142857142856,0,0,0.002236224340382971
12.0,7.0,2,Mobile Phone,3,Divorced,3,0,1.0,153.44,12.786666666666667,0,0,0.012098754629158364
19.0,7.0,1,Grocery,5,Single,2,0,12.0,275.67,14.508947368421053,0,0,0.0021408392350439594
5.0,8.0,6,Laptop & Accessory,5,Married,3,0,8.0,175.03,35.006,0,0,0.015287805559375355
1.0,24.0,4,Mobile Phone,3,Single,3,1,8.0,148.94,148.94,1,1,0.7666014198942916
10.0,24.0,5,Laptop & Accessory,4,Married,4,0,4.0,180.07,18.006999999999998,0,0,0.017425714907037232
3.0,17.0,5,Laptop & Accessory,3,Single,11,0,5.0,183.69,61.23,0,0,0.03899018128022908
16.0,13.0,3,Fashion,5,Divorced,9,0,0.0,199.85,12.490625,0,0,0.04459054928072072
18.0,35.0,2,Grocery,2,Divorced,5,1,12.0,258.2,14.344444444444443,0,0,0.0689554441169531
7.0,,3,Mobile,4,Married,2,1,3.0,123.42,17.63142857142857,1,1,0.7537274937221666
13.0,8.0,4,Laptop & Accessory,3,Divorced,7,0,0.0,134.48,10.344615384615384,0,0,0.02451616825230029
22.0,16.0,3,Others,5,Single,10,1,2.0,286.65,13.029545454545454,0,0,0.10726366159252701
0.0,31.0,4,Mobile,4,Single,5,1,2.0,123.13,,1,1,0.7571484428369729
1.0,9.0,2,Mobile Phone,5,Single,9,0,2.0,159.24,159.24,0,0,0.44348706144538036
22.0,11.0,4,Fashion,2,Single,3,0,9.0,203.98,9.271818181818182,0,0,0.07965056084118236
26.0,6.0,4,Fashion,4,Single,9,0,,229.45,8.825,0,0,0.015854195922987084
4.0,8.0,3,Mobile,2,Married,1,1,2.0,126.95,31.7375,0,0,0.2770586142805708
4.0,14.0,4,Mobile Phone,5,Single,5,1,4.0,146.66,36.665,1,0,0.2959092251538787
4.0,9.0,3,Fashion,3,Married,10,0,2.0,236.75,59.1875,0,0,0.09764473372157369
3.0,12.0,4,Laptop & Accessory,1,Married,1,0,7.0,146.27,48.75666666666667,0,0,0.048304602163897085
16.0,,3,Mobile,1,Single,1,0,7.0,124.55,7.784375,0,0,0.024364092329371836
19.0,32.0,4,Laptop & Accessory,4,Single,9,0,2.0,179.91,9.468947368421052,0,0,0.07821898862276618
14.0,9.0,4,Laptop & Accessory,2,Single,3,0,9.0,171.61,12.257857142857144,0,0,0.015090646099601746
13.0,,3,Mobile,3,Married,3,0,2.0,123.45,9.496153846153847,0,0,0.08360354653161475
12.0,19.0,5,Laptop & Accessory,5,Married,4,0,3.0,187.88,15.656666666666666,0,0,0.0026016003427723877
9.0,14.0,4,Fashion,5,Single,2,0,9.0,175.87,19.54111111111111,0,0,0.02421386747742621
8.0,10.0,6,Laptop & Accessory,1,Single,7,0,3.0,185.29,23.16125,0,0,0.032840358336518154
18.0,7.0,2,Laptop & Accessory,5,Married,4,0,3.0,175.33,9.740555555555556,0,0,0.0008796678482093625
19.0,8.0,3,Grocery,5,Married,9,0,9.0,270.48,14.235789473684212,0,0,0.01635562632439679
11.0,34.0,2,Laptop & Accessory,3,Single,6,1,4.0,188.97,17.17909090909091,1,0,0.3778626867873647
0.0,,4,Mobile,4,Married,2,0,0.0,125.96,,1,1,0.7100935924364957
7.0,9.0,3,Laptop & Accessory,1,Single,1,0,4.0,177.56,25.365714285714287,0,0,0.041305723919064695
9.0,9.0,4,Laptop & Accessory,5,Married,4,0,1.0,175.93,19.547777777777778,0,0,0.0014610763837982542
0.0,13.0,4,Laptop & Accessory,5,Single,9,0,7.0,168.11,,0,0,0.42821345967633817
3.0,28.0,4,Laptop & Accessory,3,Divorced,3,1,0.0,163.8,54.6,1,1,0.5920901704429756
10.0,35.0,3,Fashion,4,Divorced,2,1,,218.49,21.849,1,0,0.223011578252655
16.0,9.0,4,Laptop & Accessory,1,Married,3,0,3.0,165.89,10.368125,0,0,0.010004116448699073
19.0,8.0,4,Laptop & Accessory,3,Single,6,0,4.0,178.99,9.420526315789473,0,0,0.26224912708497583
14.0,10.0,5,Mobile Phone,3,Married,3,1,3.0,151.83,10.845,1,0,0.10513662859616768
8.0,15.0,4,Laptop & Accessory,3,Single,5,0,4.0,186.42,23.3025,0,0,0.011016675072273305
10.0,11.0,5,Laptop & Accessory,2,Single,3,0,9.0,183.1,18.31,0,0,0.009988724001566588
17.0,9.0,4,Laptop & Accessory,1,Married,3,1,9.0,203.47,11.968823529411765,0,0,0.0072992700729927005
7.0,13.0,3,Mobile,1,Single,2,0,0.0,129.72,18.53142857142857,0,0,0.11283639933598223
10.0,10.0,4,Mobile Phone,4,Married,3,0,8.0,161.92,16.192,0,0,0.004139508698858691
17.0,11.0,3,Others,4,Married,8,0,10.0,282.13,16.595882352941175,0,0,0.01433633914227136
6.0,9.0,4,Laptop & Accessory,4,Married,2,0,7.0,179.7,29.95,0,0,0.0006892654133899529
8.0,11.0,3,Fashion,4,Single,1,0,13.0,180.95,22.61875,0,0,0.000678134777275676
0.0,,4,Mobile,5,Married,5,1,0.0,123.35,,1,1,0.7549062850738933
3.0,16.0,2,Mobile Phone,3,Married,8,0,1.0,149.51,49.836666666666666,0,0,0.07957048179352408
14.0,26.0,4,Laptop & Accessory,2,Divorced,10,1,8.0,152.41,10.88642857142857,0,0,0.08730203868763374
0.0,13.0,1,Mobile Phone,5,Single,1,0,7.0,135.78,,0,0,0.2414173471427051
,8.0,3,Mobile,1,Married,2,0,2.0,120.14,,0,0,0.036401559004660265
13.0,18.0,3,Laptop & Accessory,5,Married,3,0,7.0,144.48,11.113846153846152,0,0,0.0
21.0,16.0,4,Mobile Phone,3,Single,6,0,1.0,146.05,6.954761904761905,0,1,0.5001280535551248
0.0,29.0,4,Laptop & Accessory,3,Married,4,1,1.0,159.16,,1,1,0.9002917584044643
24.0,9.0,3,Grocery,4,Single,4,0,0.0,237.33999999999995,9.889166666666664,0,0,0.007657253381627057
20.0,7.0,4,Fashion,5,Married,9,0,,218.96,10.948,0,0,0.043491596749650877
2.0,8.0,3,Mobile,4,Married,1,0,2.0,131.8,65.9,0,0,0.010892524161299018
2.0,7.0,4,Mobile Phone,3,Single,2,1,3.0,146.54,73.27,0,0,0.145639280918244
1.0,23.0,2,Mobile Phone,1,Married,3,1,1.0,154.35,154.35,0,0,0.38461732993717707
4.0,11.0,3,Laptop & Accessory,3,Married,2,0,2.0,183.46,45.865,0,0,0.06487235580855277
11.0,24.0,5,Laptop & Accessory,1,Married,4,1,0.0,158.11,14.373636363636365,0,0,0.05144266996177361
23.0,6.0,3,Others,4,Married,4,1,7.0,281.72,12.248695652173915,0,0,0.0
1.0,18.0,4,Mobile Phone,4,Married,3,0,3.0,147.44,147.44,0,0,0.31468044958158664
16.0,12.0,4,Mobile Phone,3,Divorced,6,0,1.0,145.93,9.120625,0,0,0.008045054634926897
8.0,22.0,4,Fashion,4,Single,2,0,3.0,186.06,23.2575,0,0,0.04830899473506575
24.0,7.0,4,Grocery,2,Married,11,0,4.0,298.99,12.457916666666668,0,0,0.0057103834134447995
5.0,14.0,4,Fashion,5,Married,4,0,,221.37,44.274,0,0,0.06409288221164457
16.0,11.0,4,Others,2,Divorced,3,0,16.0,317.32,19.8325,0,0,0.07582801348431371
0.0,9.0,3,Mobile,5,Single,1,0,4.0,131.02,,1,1,0.7891357472754247
14.0,9.0,5,Mobile Phone,3,Single,4,0,3.0,153.09,10.935,0,0,0.0038963229782261717
,10.0,3,Mobile,1,Single,10,1,0.0,122.85,,1,1,0.7654014794487202
1.0,19.0,4,Mobile Phone,2,Divorced,3,1,1.0,150.15,150.15,1,1,0.6630681835462914
0.0,8.0,3,Mobile Phone,3,Single,7,0,1.0,143.82,,1,1,0.9277996358601541
25.0,14.0,3,Mobile,5,Divorced,10,0,4.0,129.5,5.18,0,0,0.05622014264746743
6.0,16.0,4,Laptop & Accessory,1,Single,4,0,1.0,146.82,24.47,0,0,0.01646331700026124
9.0,34.0,4,Laptop & Accessory,3,Married,4,0,8.0,193.83,21.53666666666667,0,0,0.005388355279031302
11.0,9.0,5,Laptop & Accessory,1,Married,7,0,1.0,176.63,16.05727272727273,0,0,0.02992734976994991
21.0,9.0,4,Grocery,3,Married,5,0,7.0,296.69,14.128095238095238,0,0,0.006432446338916759
2.0,8.0,4,Mobile Phone,1,Married,3,0,4.0,145.44,72.72,0,0,0.0016174451728148838
8.0,13.0,4,Laptop & Accessory,3,Single,3,0,11.0,173.09,21.63625,0,0,0.020385802288474236
1.0,31.0,5,Mobile Phone,3,Single,7,1,4.0,145.28,145.28,1,1,0.9325835329969365
17.0,6.0,4,Laptop & Accessory,3,Single,5,0,2.0,159.85,9.402941176470588,0,0,0.045923628375885775
12.0,9.0,4,Mobile Phone,4,Married,7,0,9.0,150.92,12.576666666666666,0,0,0.0026620853058640925
14.0,14.0,4,Others,4,Single,3,0,9.0,323.33,23.095,0,0,0.03465213312576216
12.0,21.0,3,Grocery,5,Single,1,0,10.0,233.41000000000005,19.45083333333334,0,0,0.0018647768542758398
21.0,11.0,4,Laptop & Accessory,2,Single,3,1,8.0,166.63,7.9347619047619045,0,0,0.009295419686888509
14.0,16.0,3,Laptop & Accessory,1,Single,8,0,10.0,162.3,11.592857142857143,0,0,0.014598540145985401
12.0,13.0,5,Laptop & Accessory,3,Married,4,0,8.0,178.21,14.850833333333334,0,0,0.00046415240224084904
14.0,9.0,4,Mobile Phone,5,Married,6,0,3.0,158.77,11.340714285714286,0,0,0.00578983962223381
6.0,16.0,1,Fashion,3,Married,1,1,8.0,183.8,30.633333333333336,0,0,0.02377525806824771
30.0,7.0,4,Laptop & Accessory,3,Married,3,0,10.0,188.06,6.268666666666666,0,0,0.0028621066698274514
,11.0,4,Mobile,5,Married,7,0,0.0,121.07,,1,1,0.6934985653757914
3.0,9.0,4,Mobile Phone,4,Married,2,0,3.0,156.8,52.26666666666667,0,0,0.0004271188601663853
12.0,9.0,4,Laptop & Accessory,3,Married,1,0,7.0,130.69,10.890833333333333,0,0,0.0005398670431596967
0.0,19.0,3,Laptop & Accessory,5,Married,3,0,2.0,142.33,,1,1,0.6420705749673463
8.0,10.0,4,Mobile Phone,5,Divorced,6,0,3.0,148.62,18.5775,1,0,0.026330926804387953
1.0,24.0,4,Mobile Phone,3,Married,2,1,1.0,152.41,152.41,1,1,0.8400738168494154
20.0,10.0,2,Grocery,5,Married,4,0,9.0,257.25,12.8625,0,0,0.0016973384978846604
1.0,12.0,3,Laptop & Accessory,5,Married,3,0,6.0,165.0,165.0,0,0,0.1672324532083795
0.0,23.0,3,Mobile,3,Married,1,1,0.0,127.41,,1,1,0.9423867792885221
5.0,27.0,4,Laptop & Accessory,3,Married,3,0,3.0,166.97,33.394,0,0,0.001933912405807868
6.0,16.0,1,Fashion,3,Married,1,1,8.0,183.8,30.633333333333336,0,0,0.02377525806824771
22.0,13.0,4,Fashion,3,Single,9,0,0.0,145.0,6.590909090909091,0,0,0.0996062843044877
1.0,29.0,4,Mobile Phone,3,Single,3,1,1.0,141.75,141.75,1,1,0.9154292879546514
22.0,26.0,3,Laptop & Accessory,5,Married,2,0,11.0,165.67,7.530454545454545,0,0,0.0
1.0,17.0,4,Fashion,3,Married,8,0,,225.48,225.48,1,1,0.9381590629870331
10.0,9.0,5,Laptop & Accessory,1,Single,3,0,9.0,163.86,16.386000000000003,0,0,0.003115023205394145
12.0,12.0,3,Fashion,4,Single,5,0,2.0,183.76,15.313333333333333,0,0,0.014008803638023135
29.0,9.0,5,Others,5,Married,10,0,1.0,315.38,10.875172413793104,0,0,0.021466477331821686
1.0,27.0,4,Laptop & Accessory,3,Single,3,0,,224.81,224.81,0,0,0.14583313797634287
9.0,12.0,3,Mobile,1,Married,1,0,11.0,132.1,14.677777777777777,0,0,0.018610085160252168
11.0,17.0,2,Mobile Phone,1,Single,5,0,1.0,171.8,15.618181818181819,0,0,0.036899626316340244
4.0,23.0,4,Mobile Phone,1,Married,3,0,9.0,153.62,38.405,0,0,0.013619856548317733
12.0,10.0,4,Mobile Phone,3,Divorced,5,0,3.0,153.21,12.7675,0,0,0.0057865973136819624
8.0,6.0,3,Fashion,4,Married,2,0,6.0,172.95,21.61875,0,0,0.06693550726713099
9.0,9.0,4,Fashion,1,Married,1,0,4.0,176.44,19.604444444444443,0,0,0.20281377752575855
4.0,32.0,3,Mobile,3,Married,2,0,3.0,129.11,32.2775,0,0,0.032123109989444426
1.0,25.0,5,Mobile Phone,2,Single,3,1,2.0,148.89,148.89,1,1,0.7710544172916691
7.0,19.0,3,Fashion,3,Married,2,0,1.0,186.28,26.611428571428572,0,0,0.05499187497489223
1.0,10.0,5,Fashion,2,Divorced,3,1,,228.25,228.25,1,1,0.6658305986271288
1.0,10.0,3,Laptop & Accessory,2,Married,3,1,5.0,171.47,171.47,0,0,0.16028362053037026
,6.0,4,Mobile,3,Married,2,0,3.0,120.07,,0,0,0.0908473241902397
10.0,7.0,4,Laptop & Accessory,4,Divorced,2,0,6.0,177.28,17.728,0,0,0.010473746586238002
9.0,8.0,3,Laptop & Accessory,4,Married,5,1,0.0,169.62,18.846666666666668,0,0,0.026588245844358243
9.0,7.0,4,Laptop & Accessory,3,Divorced,11,0,10.0,172.17,19.13,0,0,0.03413253793166974
0.0,28.0,3,Laptop & Accessory,3,Divorced,2,1,7.0,161.79,,1,1,0.7638268941259678
1.0,16.0,4,Mobile Phone,3,Married,3,0,3.0,152.42,152.42,1,1,0.6532971493255919
31.0,13.0,4,Mobile Phone,3,Married,10,0,3.0,147.67,4.763548387096773,0,0,0.09696228678846995
10.0,17.0,3,Fashion,2,Married,2,1,,221.85,22.185,0,0,0.0348007671523067
50.0,6.0,1,Laptop & Accessory,3,Divorced,1,0,8.0,149.0,2.98,0,0,0.00038249002715440023
28.0,8.0,3,Fashion,4,Divorced,4,0,,209.76,7.491428571428571,0,0,0.0072992700729927005
23.0,7.0,5,Grocery,3,Single,9,1,8.0,264.64,11.506086956521738,0,0,0.051094890510948905
0.0,10.0,5,Fashion,1,Married,2,0,8.0,204.0,,1,1,0.6356124620219946
5.0,15.0,4,Fashion,2,Married,3,0,10.0,232.93,46.586,0,0,0.028184452808410365
17.0,6.0,3,Laptop & Accessory,5,Married,6,1,3.0,154.54,9.090588235294117,0,0,0.07530320652166658
3.0,,3,Mobile,4,Divorced,2,0,0.0,124.76,41.586666666666666,0,0,0.16105770860654484
4.0,17.0,3,Laptop & Accessory,5,Divorced,2,1,1.0,168.33,42.0825,0,0,0.20437956204379562
31.0,14.0,2,Laptop & Accessory,2,Married,2,1,10.0,177.2,5.716129032258064,0,0,0.0
2.0,7.0,1,Laptop & Accessory,3,Single,9,1,2.0,162.94,81.47,0,0,0.1274045137145094
20.0,8.0,4,Mobile Phone,5,Single,8,0,8.0,159.23,7.961499999999999,0,0,0.08434891310570303
17.0,16.0,4,Laptop & Accessory,3,Married,5,1,8.0,181.79,10.693529411764706,0,0,0.008188597911808626
5.0,10.0,4,Laptop & Accessory,3,Divorced,2,0,8.0,161.62,32.324,0,0,0.00038249002715440023
14.0,18.0,4,Laptop & Accessory,3,Married,3,0,5.0,188.23,13.444999999999999,0,0,0.004462715108939633
0.0,19.0,3,Laptop & Accessory,4,Single,6,0,0.0,157.65,,1,1,0.6820611673640252
27.0,9.0,5,Fashion,4,Divorced,4,0,13.0,200.25,7.416666666666667,0,0,0.014598540145985401
9.0,32.0,3,Laptop & Accessory,3,Married,7,0,2.0,153.47,17.052222222222223,0,0,0.0004709486181545761
1.0,23.0,4,Mobile Phone,4,Married,11,0,3.0,153.11,153.11,0,1,0.647095157593049
1.0,16.0,4,Laptop & Accessory,5,Married,6,0,8.0,178.46,178.46,1,1,0.6528624181132521
8.0,26.0,5,Mobile Phone,1,Married,3,0,8.0,154.29,19.28625,0,0,0.025636893236560983
16.0,31.0,4,Fashion,2,Married,6,0,0.0,234.0,14.625,0,0,0.019960633544843825
11.0,26.0,4,Laptop & Accessory,3,Married,5,0,3.0,182.68,16.60727272727273,0,0,0.004152832249007617
1.0,11.0,5,Laptop & Accessory,5,Married,3,0,4.0,167.56,167.56,0,0,0.3890513411760909
14.0,17.0,5,Laptop & Accessory,4,Married,9,0,4.0,193.52,13.822857142857144,0,0,0.07509988696699733
0.0,32.0,4,Laptop & Accessory,5,Single,6,0,1.0,166.96,,1,1,0.7643909817794228
,9.0,4,Mobile,2,Single,1,0,1.0,120.45,,0,0,0.20252341738629998
31.0,22.0,4,Grocery,3,Married,4,1,3.0,282.87,9.12483870967742,0,0,0.0
7.0,,1,Mobile,3,Divorced,1,0,0.0,125.85,17.978571428571428,0,0,0.06958290151102148
16.0,16.0,4,Laptop & Accessory,3,Married,2,0,0.0,152.57,9.535625,0,0,0.00019040243481940967
12.0,27.0,4,Laptop & Accessory,1,Married,4,1,4.0,161.2,13.433333333333332,0,0,0.03391324314564607
0.0,8.0,3,Mobile,5,Married,1,0,2.0,130.41,,1,0,0.2248984253792514
,11.0,3,Laptop & Accessory,2,Divorced,4,0,0.0,120.86,,1,0,0.4764006703521171
4.0,6.0,3,Laptop & Accessory,5,Married,2,0,3.0,141.48,35.37,0,0,0.008108878960313487
0.0,7.0,3,Mobile,3,Single,1,0,2.0,133.75,,0,0,0.3395624208846917
27.0,31.0,2,Fashion,1,Married,5,0,3.0,195.05,7.224074074074075,0,0,0.012466702395054452
18.0,11.0,4,Laptop & Accessory,4,Single,11,0,4.0,184.33,10.240555555555556,0,0,0.056393200264396225
18.0,19.0,1,Grocery,3,Single,7,1,8.0,236.95,13.163888888888888,1,1,0.5120688953611974
5.0,35.0,4,Mobile,4,Single,2,0,1.0,128.37,25.674,0,0,0.13606372235629888
3.0,7.0,6,Mobile Phone,2,Married,3,0,9.0,152.2,50.73333333333333,0,0,0.03791337326940543
0.0,32.0,4,Laptop & Accessory,5,Single,6,0,1.0,166.96,,1,1,0.7643909817794228
4.0,10.0,1,Mobile Phone,3,Married,9,0,2.0,139.78,34.945,0,0,0.0072992700729927005
30.0,7.0,5,Fashion,1,Married,4,0,0.0,208.83,6.961,0,0,0.04467938064314084
7.0,14.0,3,Laptop & Accessory,5,Divorced,6,0,2.0,165.0,23.571428571428573,0,0,0.007726388933159085
3.0,27.0,4,Mobile Phone,2,Divorced,3,0,3.0,146.57,48.85666666666666,0,0,0.045122244708661656
1.0,8.0,4,Mobile Phone,2,Divorced,2,1,2.0,138.67,138.67,0,1,0.5427618377871953
1.0,13.0,4,Mobile Phone,5,Single,4,0,4.0,154.6,154.6,1,1,0.6292840888272598
18.0,35.0,3,Fashion,1,Divorced,5,1,2.0,193.8,10.766666666666667,0,0,0.058776644609485805
23.0,34.0,3,Grocery,5,Divorced,5,1,2.0,268.8,11.68695652173913,0,0,0.005167432322061753
24.0,16.0,4,Others,3,Married,6,1,1.0,318.31,13.262916666666667,0,0,0.020309118089995568
1.0,36.0,5,Laptop & Accessory,3,Single,3,0,9.0,170.08,170.08,1,1,0.7779511865626627
5.0,12.0,5,Mobile Phone,5,Married,8,0,1.0,146.07,29.214,1,0,0.0364963503649635
17.0,10.0,3,Laptop & Accessory,4,Single,10,0,3.0,159.33,9.372352941176471,0,0,0.02247070268095191
12.0,26.0,3,Laptop & Accessory,1,Married,3,0,2.0,141.27,11.7725,0,0,0.0003477794508247061
20.0,29.0,3,Fashion,2,Divorced,2,0,6.0,203.12,10.156,1,0,0.22766963643552432
14.0,34.0,4,Grocery,4,Married,1,0,10.0,235.7,16.835714285714285,0,0,0.009864304461512128
,19.0,3,Mobile,3,Divorced,2,0,6.0,120.96,,0,0,0.09939072883005262
11.0,8.0,6,Laptop & Accessory,1,Married,3,0,,220.25,20.022727272727273,0,0,0.07167131080617722
8.0,16.0,3,Laptop & Accessory,3,Single,4,1,4.0,161.42,20.1775,0,0,0.11159099090699091
9.0,12.0,1,Laptop & Accessory,5,Married,4,1,2.0,155.62,17.29111111111111,0,0,0.08195892247189517
18.0,24.0,6,Mobile Phone,3,Single,4,0,1.0,147.9,8.216666666666667,0,0,0.043795620437956206
5.0,33.0,4,Mobile Phone,3,Married,3,0,4.0,154.11,30.822000000000003,0,0,0.023446564025770392
31.0,14.0,4,Others,5,Married,7,0,11.0,320.66,10.343870967741937,0,0,0.0072992700729927005
20.0,10.0,4,Grocery,4,Divorced,10,0,2.0,291.06,14.553,0,0,0.01644244651051517
10.0,27.0,3,Mobile,1,Married,6,0,0.0,129.73,12.972999999999999,0,0,0.016287915210202907
1.0,8.0,4,Mobile Phone,1,Married,11,1,3.0,172.87,172.87,1,1,0.7402936476206379
1.0,7.0,4,Mobile Phone,2,Divorced,4,1,1.0,147.93,147.93,1,1,0.7455907946424805
0.0,,3,Mobile,1,Married,1,0,1.0,125.23,,0,1,0.5017544938372904
6.0,13.0,3,Laptop & Accessory,5,Married,1,0,3.0,143.73,23.955,0,0,0.007726388933159085
6.0,33.0,4,Laptop & Accessory,1,Married,2,0,3.0,169.65,28.275000000000002,0,0,0.0027163393932787346
0.0,22.0,3,Mobile,4,Married,10,0,2.0,128.11,,0,0,0.2530286671461901
8.0,13.0,3,Fashion,3,Single,4,0,6.0,202.21,25.27625,0,0,0.029766813817987625
10.0,7.0,5,Laptop & Accessory,3,Married,2,0,3.0,168.74,16.874000000000002,0,0,0.007739244829966799
30.0,15.0,4,Others,4,Single,8,0,8.0,322.17,10.739,0,0,0.005431837678202941
13.0,,3,Mobile,1,Married,9,0,0.0,124.06,9.543076923076923,0,0,0.12675576706362754
6.0,11.0,5,Laptop & Accessory,3,Married,3,0,9.0,186.62,31.103333333333335,0,0,0.002004113884120213
16.0,17.0,4,Grocery,5,Married,2,0,10.0,292.99,18.311875,0,0,0.020992487269386555
4.0,29.0,5,Laptop & Accessory,3,Divorced,4,1,1.0,188.8,47.2,1,0,0.32048543627857506
4.0,8.0,4,Mobile Phone,3,Married,2,0,4.0,145.64,36.41,0,0,0.0011096134103964687
8.0,5.0,3,Fashion,5,Married,2,0,8.0,190.69,23.83625,0,0,0.04419225828961064
11.0,12.0,4,Laptop & Accessory,3,Married,3,0,7.0,153.21,13.92818181818182,0,0,0.00015737701600529645
23.0,15.0,5,Grocery,4,Married,8,0,4.0,256.2,11.139130434782608,0,0,0.008554925849994387
29.0,7.0,4,Fashion,1,Married,5,0,,227.39,7.84103448275862,0,0,0.019036083990298797
20.0,14.0,4,Fashion,3,Married,8,0,8.0,233.45,11.6725,0,0,0.01699344193210886
1.0,29.0,6,Mobile Phone,3,Married,3,0,1.0,140.55,140.55,1,1,0.5447350406410455
30.0,35.0,4,Grocery,2,Married,4,0,0.0,241.18,8.039333333333333,0,0,0.0
31.0,9.0,5,Grocery,1,Single,5,1,4.0,262.26,8.459999999999999,0,0,0.0072992700729927005
0.0,16.0,5,Mobile,1,Married,8,0,3.0,134.08,,1,1,0.6652373270747619
28.0,10.0,4,Laptop & Accessory,5,Married,4,0,6.0,184.4,6.585714285714286,0,0,0.0006892654133899529
19.0,6.0,3,Others,1,Married,10,0,2.0,296.27,15.59315789473684,0,0,0.02479991130082192
10.0,8.0,5,Laptop & Accessory,3,Married,2,0,3.0,168.74,16.874000000000002,0,0,0.0029510649511126754
28.0,8.0,5,Others,3,Divorced,5,0,11.0,291.87,10.423928571428572,0,0,0.012667899504333733
5.0,,4,Mobile,4,Divorced,7,0,2.0,123.32,24.663999999999998,0,0,0.20062732938819486
1.0,7.0,5,Mobile Phone,4,Single,3,1,3.0,145.7,145.7,0,1,0.5383274742776486
10.0,16.0,2,Mobile Phone,4,Married,3,0,3.0,153.1,15.309999999999999,0,0,0.0022523123275073405
15.0,26.0,4,Laptop & Accessory,5,Married,4,0,1.0,155.72,10.381333333333334,0,0,0.00019040243481940967
7.0,21.0,3,Grocery,5,Married,8,0,9.0,270.07,38.58142857142857,0,0,0.09382621373239133
11.0,32.0,4,Laptop & Accessory,3,Married,5,1,8.0,169.49,15.408181818181818,0,0,0.026275675694740146
23.0,29.0,4,Grocery,4,Married,5,0,3.0,289.13,12.570869565217391,0,0,0.005390525348889249
4.0,11.0,3,Laptop & Accessory,5,Single,1,0,7.0,199.36,49.84,0,0,0.17872647572468106
5.0,13.0,4,Laptop & Accessory,3,Divorced,2,0,8.0,154.84,30.968,0,0,0.0
13.0,28.0,5,Laptop & Accessory,2,Divorced,5,1,5.0,186.2,14.323076923076922,0,0,0.04584850001768585
11.0,36.0,4,Fashion,4,Married,3,1,10.0,243.49,22.135454545454547,1,0,0.3437188995600294
19.0,9.0,4,Laptop & Accessory,4,Divorced,2,0,8.0,173.05,9.107894736842105,0,0,0.021338881923820132
0.0,22.0,3,Fashion,5,Single,3,1,0.0,185.64,,1,1,0.9774209934391247
,14.0,5,Mobile,5,Divorced,2,1,7.0,121.19,,1,1,0.5203560933616678
0.0,15.0,3,Mobile,5,Single,2,0,2.0,127.28,,0,1,0.6291860126107006
,28.0,3,Mobile,3,Married,5,1,1.0,121.32,,1,1,0.7602673744441607
,16.0,3,Mobile,4,Married,2,0,2.0,122.97,,0,0,0.07488998848698718
12.0,8.0,1,Fashion,3,Single,1,0,7.0,178.8,14.9,0,0,0.02447559498815222
11.0,14.0,4,Fashion,3,Single,6,0,3.0,261.64,23.785454545454545,0,0,0.07361483929508096
1.0,8.0,5,Laptop & Accessory,3,Single,3,0,3.0,171.17,171.17,0,0,0.19023998247809298
4.0,7.0,4,Mobile Phone,4,Divorced,2,1,8.0,160.79,40.1975,0,0,0.15721277197570604
,12.0,3,Mobile,3,Divorced,9,0,2.0,122.67,,0,0,0.05966448674311
,7.0,3,Mobile,4,Single,2,1,2.0,123.02,,1,1,0.8564966587019858
7.0,12.0,4,Laptop & Accessory,1,Married,8,0,,224.98,32.14,0,0,0.05167142934845134
0.0,32.0,4,Mobile,3,Married,2,1,3.0,128.14,,0,1,0.6208564973954739
24.0,9.0,4,Others,3,Divorced,4,1,8.0,317.37,13.22375,0,0,0.04705763389797501
17.0,32.0,5,Fashion,2,Married,7,0,1.0,259.0,15.235294117647058,0,0,0.042604228325756124
0.0,8.0,3,Mobile,3,Single,3,0,0.0,134.85,,1,1,0.7550307451943434
0.0,8.0,1,Laptop & Accessory,3,Single,1,0,7.0,165.0,,0,0,0.07702664774818309
7.0,15.0,4,Laptop & Accessory,3,Married,2,0,3.0,196.04,28.005714285714284,0,0,0.001871081219199656
5.0,13.0,1,Mobile,4,Married,2,0,3.0,127.94,25.588,0,0,0.0072992700729927005
1.0,18.0,4,Mobile Phone,5,Divorced,2,0,5.0,145.99,145.99,0,0,0.12901862356234306
27.0,5.0,3,Laptop & Accessory,3,Single,8,0,0.0,137.8,5.1037037037037045,0,0,0.07050923489900726
0.0,32.0,3,Laptop & Accessory,1,Single,2,0,4.0,161.8,,0,0,0.08605516714688588
9.0,15.0,4,Mobile Phone,3,Single,3,0,5.0,168.23,18.69222222222222,0,0,0.021666573984681144
11.0,8.0,3,Mobile Phone,1,Single,6,1,2.0,139.44,12.676363636363636,0,0,0.04779498984469345
11.0,7.0,3,Mobile,4,Married,1,1,2.0,129.91,11.81,0,0,0.13903443211884206
20.0,10.0,4,Fashion,4,Married,9,1,10.0,203.33,10.166500000000001,0,0,0.0980198074870494
22.0,24.0,3,Laptop & Accessory,1,Married,2,1,7.0,168.04,7.638181818181818,0,0,0.0072992700729927005
1.0,9.0,4,Mobile Phone,4,Married,3,0,3.0,147.26,147.26,0,0,0.25520035269666325
0.0,20.0,3,Fashion,1,Single,1,1,7.0,175.53,,1,1,0.7112651344921391
19.0,9.0,3,Grocery,3,Divorced,4,0,9.0,274.65,14.455263157894736,0,0,0.009166620526948234
14.0,9.0,4,Mobile Phone,3,Married,4,0,3.0,148.45,10.603571428571428,0,0,0.012294180852461995
19.0,11.0,4,Laptop & Accessory,4,Divorced,3,0,9.0,169.47,8.919473684210526,0,0,0.002004113884120213
19.0,9.0,4,Laptop & Accessory,3,Married,6,0,8.0,176.54,9.291578947368421,0,0,0.05442512683067915
16.0,21.0,4,Grocery,3,Married,2,0,11.0,276.03,17.251875,0,0,0.002059570157014967
8.0,8.0,3,Laptop & Accessory,4,Single,6,0,2.0,144.25,18.03125,0,0,0.0007404733357887571
0.0,6.0,3,Laptop & Accessory,4,Married,2,0,4.0,163.97,,0,0,0.07857627019810984
5.0,18.0,4,Mobile Phone,2,Divorced,5,1,3.0,148.56,29.712,0,0,0.14432564300223955
5.0,14.0,4,Laptop & Accessory,2,Married,6,0,8.0,200.47,40.094,0,0,0.0454595613867411
11.0,28.0,3,Mobile Phone,5,Divorced,3,1,8.0,160.64,14.603636363636362,0,0,0.1273408607911268
7.0,8.0,3,Laptop & Accessory,5,Single,1,1,2.0,145.38,20.768571428571427,0,0,0.07831767515068908
11.0,21.0,4,Fashion,2,Married,1,1,,215.1,19.554545454545455,0,0,0.04534755640285966
20.0,20.0,4,Laptop & Accessory,4,Single,8,0,10.0,180.62,9.031,0,0,0.02157171952665487
8.0,15.0,4,Laptop & Accessory,5,Divorced,7,0,3.0,190.0,23.75,0,0,0.023403515435788343
9.0,30.0,3,Laptop & Accessory,4,Married,8,0,8.0,156.74,17.415555555555557,0,0,0.009254036389974872
11.0,15.0,4,Mobile,4,Married,1,0,2.0,128.99,11.726363636363637,0,0,0.006436806924847509
1.0,35.0,5,Laptop & Accessory,4,Divorced,2,0,7.0,165.49,165.49,0,0,0.243628459385727
0.0,13.0,3,Mobile,3,Married,4,1,7.0,133.39,,1,1,0.7578125479775528
3.0,16.0,5,Mobile Phone,2,Single,2,0,3.0,164.83,54.943333333333335,0,0,0.05218802526921642
0.0,10.0,4,Laptop & Accessory,1,Single,2,1,4.0,158.28,,1,1,0.5727959202169082
1.0,23.0,4,Laptop & Accessory,5,Single,7,0,3.0,178.24,178.24,1,1,0.8722538977482004
26.0,7.0,5,Others,3,Married,2,0,10.0,324.99,12.499615384615385,0,0,0.042547426729408276
10.0,14.0,2,Laptop & Accessory,5,Married,4,0,14.0,171.39,17.139,0,0,0.000554221906803334
14.0,9.0,4,Laptop & Accessory,4,Married,9,0,4.0,182.15,13.010714285714286,0,0,0.028503930909184457
4.0,16.0,3,Laptop & Accessory,1,Married,3,1,4.0,165.83,41.4575,0,0,0.004010305073387767
0.0,34.0,3,Laptop & Accessory,4,Divorced,2,0,4.0,162.72,,0,0,0.12359235171633183
,15.0,3,Mobile Phone,5,Married,2,0,0.0,117.9,,1,1,0.7795137994599509
20.0,22.0,4,Others,4,Married,7,0,4.0,315.81,15.7905,0,0,0.018527724077283973
18.0,8.0,5,Laptop & Accessory,3,Single,1,0,1.0,166.32,9.24,0,0,0.003382981152982048
1.0,7.0,4,Laptop & Accessory,4,Divorced,2,1,5.0,188.49,188.49,0,0,0.26251013401879614
17.0,19.0,5,Grocery,4,Married,3,0,10.0,268.36,15.785882352941178,0,0,0.02395738037599307
9.0,23.0,4,Fashion,3,Married,6,1,1.0,201.32,22.36888888888889,0,0,0.10539243642586113
22.0,9.0,2,Laptop & Accessory,4,Married,5,0,3.0,206.2,9.372727272727273,0,0,0.00334031728644992
6.0,11.0,3,Laptop & Accessory,2,Divorced,7,0,2.0,199.98,33.33,0,0,0.0018881952439646394
3.0,30.0,4,Mobile Phone,2,Single,11,0,3.0,147.01,49.00333333333333,0,0,0.041240445969900744
5.0,9.0,4,Laptop & Accessory,5,Single,9,0,4.0,178.32,35.664,0,0,0.023761448689374638
24.0,15.0,4,Mobile Phone,4,Married,9,0,3.0,163.75,6.822916666666667,0,0,0.04190162501069205
8.0,17.0,4,Mobile Phone,3,Divorced,3,1,1.0,147.2,18.4,0,0,0.19189838651476615
22.0,11.0,5,Fashion,3,Single,9,0,9.0,234.99,10.681363636363637,0,0,0.0072992700729927005
5.0,12.0,4,Laptop & Accessory,5,Single,2,0,,224.36,44.872,0,1,0.5935140672610252
1.0,35.0,5,Laptop & Accessory,4,Married,2,0,7.0,165.49,165.49,0,0,0.10397067887748325
15.0,14.0,4,Laptop & Accessory,3,Single,8,0,2.0,175.03,11.668666666666667,0,0,0.00928487717771815
12.0,9.0,2,Laptop & Accessory,4,Divorced,10,0,6.0,163.89,13.657499999999999,0,0,0.0024173148924293026
1.0,14.0,5,Laptop & Accessory,5,Single,10,0,8.0,193.11,193.11,0,1,0.7582346515123897
0.0,17.0,2,Laptop & Accessory,3,Divorced,9,0,2.0,147.07,,1,0,0.4699673923054561
4.0,14.0,4,Mobile Phone,5,Single,5,1,4.0,146.66,36.665,1,0,0.2959092251538787
1.0,14.0,5,Laptop & Accessory,3,Divorced,4,0,1.0,186.32,186.32,0,0,0.40663863872871014
5.0,13.0,3,Laptop & Accessory,2,Divorced,5,0,3.0,192.04,38.408,0,0,0.006735021030406034
3.0,35.0,3,Fashion,4,Married,4,0,3.0,192.5,64.16666666666667,0,0,0.060268398204426935
1.0,36.0,4,Laptop & Accessory,3,Married,7,0,1.0,168.06,168.06,0,1,0.5512477939303068
0.0,17.0,3,Laptop & Accessory,5,Married,2,1,3.0,147.41,,0,0,0.19733740081688583
13.0,12.0,3,Grocery,1,Single,2,1,7.0,264.37,20.336153846153845,0,0,0.035926291433691256
1.0,16.0,4,Mobile Phone,5,Single,3,0,1.0,150.52,150.52,0,1,0.618576972771096
16.0,8.0,3,Mobile,1,Single,1,0,8.0,135.39,8.461875,0,0,0.0364963503649635
17.0,14.0,1,Mobile,2,Divorced,3,1,2.0,128.18,7.54,0,0,0.06417382803278254
0.0,,4,Mobile,5,Single,7,0,7.0,123.62,,1,1,0.9017194329653939
8.0,10.0,6,Laptop & Accessory,5,Single,5,0,13.0,172.59,21.57375,0,0,0.014598540145985401
8.0,31.0,4,Mobile Phone,3,Married,5,1,1.0,156.61,19.57625,1,0,0.09561383655198477
22.0,9.0,4,Laptop & Accessory,1,Married,4,0,8.0,165.51,7.5231818181818175,0,0,0.007681760100147101
30.0,13.0,3,Others,5,Divorced,6,0,10.0,295.66,9.855333333333334,0,0,0.021897810218978103
9.0,,4,Mobile,5,Divorced,1,0,3.0,123.42,13.713333333333333,0,0,0.1520364778242988
,6.0,3,Mobile,5,Married,5,0,2.0,121.94,,0,0,0.06569343065693431
,19.0,3,Mobile,4,Divorced,2,0,0.0,120.33,,0,0,0.4734142728718066
11.0,31.0,4,Fashion,4,Divorced,4,0,,220.61,20.05545454545455,0,0,0.0571225796941757
28.0,10.0,4,Grocery,1,Married,5,0,10.0,302.79,10.813928571428573,0,0,0.0
1.0,11.0,4,Laptop & Accessory,3,Divorced,3,1,4.0,166.62,166.62,0,0,0.281423278153933
20.0,9.0,4,Fashion,1,Married,5,0,,210.78,10.539,0,0,0.08182014012946011
8.0,22.0,3,Fashion,3,Divorced,5,1,0.0,176.32,22.04,0,0,0.09377214244598442
7.0,6.0,4,Fashion,5,Divorced,10,0,6.0,204.82,29.259999999999998,1,1,0.5593894910294421
8.0,7.0,4,Laptop & Accessory,4,Married,3,0,4.0,168.25,21.03125,0,0,0.00600019831063879
16.0,13.0,4,Fashion,5,Married,11,0,8.0,258.48,16.155,0,0,0.016974507297406436
22.0,13.0,3,Fashion,4,Married,4,0,7.0,204.66,9.302727272727273,0,0,0.009319642874171677
6.0,11.0,4,Mobile,1,Married,2,0,2.0,129.11,21.518333333333334,0,0,0.014598540145985401
14.0,16.0,4,Laptop & Accessory,5,Married,2,0,2.0,179.73,12.837857142857143,0,0,0.002790446247186305
7.0,35.0,4,Laptop & Accessory,3,Married,3,1,8.0,177.07,25.295714285714286,0,0,0.054757965727327426
10.0,16.0,3,Mobile,5,Divorced,7,0,3.0,134.52,13.452000000000002,0,0,0.06526430130489629
21.0,,3,Mobile,5,Married,9,0,6.0,123.67,5.889047619047619,0,0,0.14751739950806622
9.0,8.0,5,Laptop & Accessory,1,Married,2,0,1.0,178.63,19.84777777777778,0,0,0.015138407189145098
30.0,6.0,4,Laptop & Accessory,3,Single,8,0,3.0,154.73,5.157666666666667,0,0,0.03613442108052616
23.0,35.0,4,Grocery,3,Married,1,0,7.0,270.46,11.759130434782607,0,0,0.0
23.0,17.0,3,Others,4,Single,4,0,4.0,299.26,13.011304347826087,0,0,0.00035798330863435687
14.0,6.0,3,Laptop & Accessory,5,Married,1,0,7.0,141.03,10.073571428571428,0,0,0.00038249002715440023
4.0,16.0,3,Fashion,3,Married,5,0,,210.31,52.5775,0,0,0.01785679500381481
24.0,15.0,3,Others,4,Married,5,1,10.0,298.47,12.436250000000001,0,0,0.0072992700729927005
0.0,28.0,4,Mobile,4,Married,2,0,0.0,128.63,,1,1,0.5705330207629781
1.0,12.0,4,Mobile Phone,5,Single,3,1,3.0,148.8,148.8,0,0,0.4593196652931232
17.0,30.0,5,Mobile Phone,3,Single,3,0,4.0,137.08,8.063529411764707,0,0,0.0
10.0,22.0,6,Laptop & Accessory,1,Married,3,0,12.0,179.06,17.906,0,0,0.00415784541870145
4.0,26.0,3,Laptop & Accessory,3,Divorced,2,0,0.0,169.32,42.33,0,0,0.0924149568951874
19.0,6.0,3,Fashion,5,Married,8,0,3.0,193.96,10.208421052631579,0,0,0.01301621313975238
1.0,10.0,4,Laptop & Accessory,3,Divorced,2,1,3.0,166.71,166.71,1,0,0.3438902044658908
,9.0,3,Mobile,4,Married,4,1,3.0,122.77,,0,1,0.6743807410935914
26.0,9.0,5,Mobile Phone,1,Single,9,0,3.0,157.12,6.0430769230769235,0,0,0.051094890510948905
15.0,23.0,2,Laptop & Accessory,5,Single,4,1,2.0,165.45,11.03,0,0,0.11853245373558434
12.0,9.0,4,Fashion,4,Single,9,0,1.0,198.51,16.5425,0,0,0.059992055167960606
0.0,,4,Mobile,5,Single,1,1,2.0,123.21,,1,0,0.47846193626509437
1.0,15.0,6,Mobile Phone,3,Divorced,3,0,3.0,171.21,171.21,0,0,0.41575194155965467
13.0,19.0,4,Laptop & Accessory,4,Married,6,0,1.0,177.95,13.688461538461537,0,0,0.00342910745652643
10.0,35.0,3,Fashion,4,Married,2,1,,218.49,21.849,1,0,0.1357511509022923
6.0,13.0,3,Laptop & Accessory,5,Divorced,1,0,3.0,143.73,23.955,0,0,0.015025659006151784
4.0,8.0,4,Mobile Phone,4,Married,2,1,8.0,160.79,40.1975,0,0,0.14640269980618806
10.0,7.0,4,Laptop & Accessory,1,Married,2,0,11.0,164.74,16.474,0,0,0.012244826967852122
,15.0,4,Mobile,3,Single,2,0,8.0,122.06,,0,0,0.2637665196546729
0.0,27.0,1,Mobile,1,Single,2,0,2.0,126.78,,0,0,0.23130749538742265
25.0,13.0,3,Fashion,4,Single,8,0,0.0,204.45,8.177999999999999,0,0,0.014598540145985401
8.0,8.0,4,Mobile Phone,1,Single,1,1,4.0,149.3,18.6625,0,0,0.06917754600289776
11.0,8.0,3,Mobile,3,Divorced,7,1,1.0,130.57,11.87,0,0,0.1734235014056492
1.0,33.0,4,Laptop & Accessory,1,Married,3,1,9.0,181.17,181.17,1,1,0.8043287714718433
8.0,7.0,4,Fashion,1,Single,3,0,,223.88,27.985,0,0,0.04730320937762216
2.0,,1,Mobile,3,Married,7,0,0.0,124.51,62.255,0,0,0.1251139503808263
1.0,7.0,4,Fashion,5,Married,3,0,8.0,199.12,199.12,0,0,0.4368537495377831
11.0,16.0,5,Fashion,3,Married,4,0,11.0,232.06,21.096363636363638,0,0,0.05224537955634152
21.0,11.0,5,Fashion,4,Married,10,1,,228.33,10.872857142857143,0,0,0.2088657631765288
31.0,16.0,5,Mobile Phone,4,Divorced,6,1,1.0,158.46,5.111612903225807,0,0,0.13832817427928756
8.0,28.0,5,Mobile Phone,3,Single,1,0,3.0,142.3,17.7875,0,0,0.011203054375329246
30.0,9.0,1,Mobile,5,Married,5,1,0.0,126.7,4.223333333333334,0,0,0.0948905109489051
6.0,20.0,3,Mobile,4,Divorced,2,0,6.0,127.56,21.26,0,0,0.036688121635055325
1.0,9.0,4,Mobile Phone,3,Married,8,1,3.0,164.77,164.77,0,0,0.35908697590682237
1.0,10.0,4,Mobile Phone,1,Married,3,0,1.0,145.61,145.61,0,0,0.4250611381014749
0.0,13.0,3,Laptop & Accessory,3,Divorced,2,0,1.0,148.83,,1,0,0.1985334903539272
13.0,13.0,2,Fashion,3,Married,4,0,7.0,207.37,15.951538461538462,0,0,0.00329963713262331
10.0,9.0,5,Fashion,3,Divorced,3,0,1.0,200.96,20.096,0,0,0.03451849320140362
9.0,22.0,4,Laptop & Accessory,5,Divorced,5,0,2.0,156.47,17.385555555555555,0,0,0.014598540145985401
20.0,15.0,5,Laptop & Accessory,5,Married,10,1,8.0,171.15,8.557500000000001,0,0,0.058394160583941604
9.0,7.0,5,Mobile Phone,3,Married,8,0,8.0,147.58,16.39777777777778,0,0,0.010643849929086877
9.0,24.0,4,Laptop & Accessory,5,Divorced,5,1,,214.66,23.85111111111111,0,0,0.04396833806847949
12.0,14.0,3,Mobile Phone,3,Married,2,0,7.0,137.55,11.4625,0,0,0.014318806013248704
17.0,11.0,5,Fashion,1,Single,5,0,,227.31,13.371176470588235,0,0,0.14886691057475895
15.0,29.0,4,Laptop & Accessory,1,Married,5,1,4.0,179.67,11.978,0,0,0.00840055615558564
13.0,14.0,3,Laptop & Accessory,1,Married,4,1,2.0,140.69,10.822307692307692,0,0,0.10166770323369508
1.0,9.0,4,Mobile Phone,1,Married,8,1,3.0,162.22,162.22,1,1,0.5632458488384805
12.0,7.0,4,Fashion,3,Single,6,1,1.0,203.61,16.9675,0,0,0.15622048191905624
15.0,29.0,4,Laptop & Accessory,2,Married,5,1,4.0,179.67,11.978,0,0,0.014451632520030414
14.0,33.0,4,Laptop & Accessory,5,Married,3,0,6.0,208.96,14.925714285714287,0,0,0.01102904253712067
8.0,31.0,4,Fashion,4,Divorced,4,0,8.0,209.02999999999997,26.128749999999997,0,0,0.08333084957024482
2.0,16.0,4,Mobile Phone,3,Married,7,0,3.0,148.77,74.385,0,0,0.06300973021503899
1.0,17.0,4,Grocery,5,Married,3,1,11.0,295.68,295.68,0,0,0.21838608994916325
11.0,7.0,5,Mobile Phone,5,Divorced,4,0,3.0,164.2,14.927272727272726,0,0,0.00982709623520771
16.0,8.0,3,Laptop & Accessory,1,Married,2,0,7.0,156.75,9.796875,0,0,0.007681760100147101
30.0,9.0,4,Laptop & Accessory,2,Single,6,0,5.0,151.71,5.057,0,0,0.09109738525762485
3.0,16.0,3,Fashion,3,Single,10,0,2.0,196.67,65.55666666666666,0,0,0.0072992700729927005
1.0,13.0,2,Mobile Phone,1,Married,2,0,8.0,150.44,150.44,0,0,0.027219191655083054
1.0,31.0,6,Mobile Phone,1,Single,3,1,1.0,136.18,136.18,1,1,0.9675945949507665
2.0,7.0,4,Mobile Phone,5,Single,4,0,3.0,145.8,72.9,0,0,0.16743839007846528
1.0,26.0,4,Mobile Phone,1,Married,3,0,3.0,148.23,148.23,0,0,0.27252773464172336
29.0,25.0,4,Laptop & Accessory,4,Married,5,1,8.0,188.85,6.5120689655172415,0,0,0.0
27.0,9.0,3,Grocery,2,Divorced,4,0,9.0,277.79,10.288518518518519,0,0,0.0016973384978846604
18.0,19.0,1,Grocery,3,Single,7,1,8.0,236.95,13.163888888888888,1,1,0.5120688953611974
8.0,22.0,4,Laptop & Accessory,4,Married,1,1,2.0,147.88,18.485,0,0,0.025464548057551828
18.0,35.0,3,Mobile,1,Single,6,0,3.0,134.52,7.473333333333334,0,0,0.08029197080291971
1.0,8.0,6,Mobile Phone,3,Single,3,0,1.0,138.59,138.59,1,1,0.8578691229237031
14.0,29.0,3,Fashion,3,Single,4,1,2.0,170.82,12.20142857142857,0,0,0.22089396968768307
31.0,36.0,5,Grocery,2,Married,5,0,1.0,266.18,8.586451612903225,0,0,0.0
,8.0,3,Mobile,3,Married,3,0,2.0,120.01,,0,0,0.08172555907918543
3.0,8.0,2,Laptop & Accessory,3,Single,10,1,3.0,187.94,62.64666666666667,0,0,0.1125622010010181
8.0,,4,Mobile,3,Married,1,0,2.0,124.3,15.5375,0,0,0.023787322095883193
14.0,35.0,5,Fashion,5,Married,6,1,1.0,233.54,16.681428571428572,1,1,0.5930665306566689
0.0,,3,Mobile,1,Single,2,0,4.0,126.47,,0,0,0.21022949085916234
17.0,14.0,4,Fashion,5,Married,10,0,,224.85,13.226470588235294,0,0,0.07875279339860798
3.0,7.0,3,Mobile Phone,4,Married,1,1,7.0,135.79,45.26333333333333,0,0,0.14441009243124714
1.0,9.0,4,Mobile Phone,5,Divorced,9,0,8.0,152.07,152.07,1,1,0.7738145508229858
20.0,25.0,4,Laptop & Accessory,3,Married,4,0,9.0,173.1,8.655,0,0,0.007606045459228254
9.0,14.0,3,Fashion,3,Married,2,0,8.0,200.96,22.32888888888889,0,0,0.04867234800574364
3.0,,3,Mobile,2,Single,1,0,7.0,125.64,41.88,0,0,0.00842532540526604
7.0,7.0,4,Laptop & Accessory,5,Single,1,0,9.0,153.43,21.91857142857143,0,0,0.0020553218065190175
31.0,12.0,5,Fashion,4,Married,4,1,,230.52,7.436129032258065,0,0,0.020649616510430176
9.0,25.0,4,Laptop & Accessory,3,Married,3,0,1.0,171.01,19.00111111111111,0,0,0.001970945947882332
1.0,20.0,4,Laptop & Accessory,5,Married,4,0,3.0,167.33,167.33,1,1,0.8237218125896304
1.0,7.0,4,Mobile Phone,4,Single,3,1,3.0,148.02,148.02,1,1,0.8614134180991352
0.0,14.0,3,Mobile,1,Single,2,0,4.0,134.45,,0,0,0.16169550288224285
31.0,16.0,5,Mobile Phone,4,Married,6,1,1.0,158.46,5.111612903225807,0,0,0.08029197080291971
1.0,12.0,2,Mobile Phone,4,Married,3,1,3.0,148.28,148.28,0,0,0.24293947532245905
4.0,29.0,5,Laptop & Accessory,3,Married,4,1,1.0,188.8,47.2,1,0,0.25547445255474455
6.0,15.0,5,Laptop & Accessory,3,Single,9,0,3.0,153.46,25.576666666666668,1,0,0.000755336133251354
8.0,,1,Mobile,4,Married,1,0,3.0,124.26,15.5325,0,0,0.03524815665641558
4.0,17.0,4,Fashion,3,Single,11,0,,221.67,55.4175,0,0,0.09225667330945511
6.0,31.0,3,Laptop & Accessory,3,Divorced,2,0,1.0,145.39,24.231666666666666,0,0,0.008123616685530442
8.0,17.0,4,Laptop & Accessory,3,Married,3,1,8.0,165.01,20.62625,0,0,0.01841899237836922
12.0,21.0,3,Grocery,5,Single,1,0,10.0,233.41000000000005,19.45083333333334,0,0,0.0018647768542758398
19.0,32.0,4,Others,4,Single,5,0,1.0,305.61,16.084736842105265,0,0,0.030468822368160505
13.0,28.0,5,Laptop & Accessory,1,Married,5,1,5.0,186.2,14.323076923076922,0,0,0.038523533281006675
18.0,26.0,3,Laptop & Accessory,3,Single,9,0,1.0,148.5,8.25,0,0,0.018788311987542057
,12.0,3,Mobile,5,Married,5,1,2.0,120.73,,1,1,0.7837988992147216
0.0,11.0,4,Fashion,1,Married,2,1,,228.08,,0,0,0.29775972106752097
2.0,,4,Mobile,1,Married,7,0,3.0,125.32,62.66,0,0,0.09339313814585529
9.0,7.0,4,Fashion,3,Single,3,0,,212.89,23.654444444444444,0,0,0.028634743377667082
6.0,21.0,3,Laptop & Accessory,1,Married,1,1,1.0,148.78,24.796666666666667,0,0,0.04365631045728172
